{
  "openapi": "3.0.1",
  "info": {
      "title": "## FILL IN DETAILS ##",
      "description": "## FILL IN DETAILS ##",
      "version": "1.0"
  },
  "paths": {
    "/## FILL IN DETAILS ##": {
        "get": {
            "summary": "## FILL IN DETAILS ##",
            "description": "## FILL IN DETAILS ##",
            "operationId": "## FILL IN DETAILS ##",
            "responses": {
                "200": {
                    "description": "OK"
                }
            }
        }
    },
    "/## FILL IN DETAILS ##": {
        "post": {
            "summary": "## FILL IN DETAILS ##",
            "description": "## FILL IN DETAILS ##",
            "operationId": "## FILL IN DETAILS ##",
            "requestBody": {
                "description": "## FILL IN DETAILS ##_Request",
                "content": {
                    "application/json":{
                        "example": ""                    
                    }
                }
            },
            "responses": {
                "200": {
                    "description": "## FILL IN DETAILS ##_Response",
                    "content": {
                        "application/json": {
                            "example": ""
                        }
                    }
                }
            }
        }
    }
},
  "components": {
      "securitySchemes": {
          "apiKeyHeader": {
              "type": "apiKey",
              "name": "Ocp-Apim-Subscription-Key",
              "in": "header"
          },
          "apiKeyQuery": {
              "type": "apiKey",
              "name": "subscription-key",
              "in": "query"
          }
      }
  },
  "security": [{
      "apiKeyHeader": []
  }, {
      "apiKeyQuery": []
  }]
}