<!--
    IMPORTANT:
    - Policy elements can appear only within the <inbound>, <outbound>, <backend> section elements.
    - To apply a policy to the incoming request (before it is forwarded to the backend service), place a corresponding policy element within the <inbound> section element.
    - To apply a policy to the outgoing response (before it is sent back to the caller), place a corresponding policy element within the <outbound> section element.
    - To add a policy, place the cursor at the desired insertion point and select a policy from the sidebar.
    - To remove a policy, delete the corresponding policy statement from the policy document.
    - Position the <base> element within a section element to inherit all policies from the corresponding section element in the enclosing scope.
    - Remove the <base> element to prevent inheriting policies from the corresponding section element in the enclosing scope.
    - Policies are applied in the order of their appearance, from the top down.
    - Comments within policy elements are not supported and may disappear. Place your comments between policy elements or at a higher level scope.
-->

<policies>
    <inbound>
        <base />
        <!--
        <rate-limit-by-key calls="600" renewal-period="60" counter-key="@(context.Request.IpAddress)" increment-condition="@(context.Response.StatusCode == 200)" />
        <ip-filter action="allow">
            <address>174.89.170.37</address>
            <address>38.99.130.114</address>
            <address>52.149.96.0</address>
        </ip-filter>
        -->
    </inbound>
    <backend>
        <forward-request />
    </backend>
    <outbound>
    <!--
        <set-header name="Strict-Transport-Security" exists-action="override">
            <value>max-age=31536000</value>
        </set-header>
        <set-header name="X-XSS-Protection" exists-action="override">
            <value>1; mode=block</value>
        </set-header>
        <set-header name="Content-Security-Policy" exists-action="override">
            <value>script-src 'self'</value>
        </set-header>
        <set-header name="X-Frame-Options" exists-action="override">
            <value>deny</value>
        </set-header>
        <set-header name="X-Content-Type-Options" exists-action="override">
            <value>nosniff</value>
        </set-header>
        <set-header name="Expect-Ct" exists-action="override">
            <value>max-age=604800,enforce</value>
        </set-header>
        <set-header name="Cache-Control" exists-action="override">
            <value>none</value>
        </set-header>
        <set-header name="X-Powered-By" exists-action="delete" />
        <set-header name="X-AspNet-Version" exists-action="delete" />
    -->
    </outbound>
    <on-error />
</policies>