{
    "$schema": "https://schema.management.azure.com/schemas/2015-01-01/deploymentParameters.json#",
    "contentVersion": "1.0.0.0",
    "parameters": {
        "ApiManagementInstanceName": {
            "value": "## Set by Pipeline ##"
        },
        "ProductName": {
            "value": "## Set by Pipeline ##"
        },
        "ApiName": {
            "value": "## Set by Pipeline ##"
        },
        "ApiDisplayName": {
            "value": "## Set by Pipeline ##"
        },
        "ApiSuffix": {
            "value": "## Set by Pipeline ##"
        },
        "ServiceUrl": {
            "value": "## Set by Pipeline ##"
        }
    }
}