{
  "$schema": "https://schema.management.azure.com/schemas/2019-04-01/deploymentTemplate.json#",
  "contentVersion": "1.0.0.0",
  "parameters": {
    "ApiManagementInstanceName": {
      "type": "string"
    },
    "ProductName": {
      "type": "string"
    },
    "ApiName": {
      "type": "string"
    },
    "ApiDisplayName": {
      "type": "string"
    },
    "ApiSuffix": {
      "type": "string"
    },
    "ServiceUrl": {
      "type": "string"
    }
  },
  "variables": {},
  "resources": [
    {
      "name": "[concat(parameters('ApiManagementInstanceName'), '/', parameters('ProductName'))]",
      "type": "Microsoft.ApiManagement/service/products",
      "apiVersion": "2019-01-01",
      "properties": {
        "displayName": "[parameters('ProductName')]",
        "description": "## FILL IN DETAILS ##",
        "subscriptionRequired": true,
        "approvalRequired": true,
        "subscriptionsLimit": 1,
        "state": "Published"
      }
    },
    {
      "name": "[concat(parameters('ApiManagementInstanceName'), '/', parameters('ApiName'))]",
      "type": "Microsoft.ApiManagement/service/apis",
      "apiVersion": "2019-01-01",
      "properties": {
        "displayName": "[parameters('ApiDisplayName')]",
        "type": "http",
        "apiRevision": "1",
        "serviceUrl": "[parameters('ServiceUrl')]",
        "path": "[parameters('ApiSuffix')]",
        "protocols": [
          "http",
          "https"
        ],    
        "subscriptionKeyParameterNames": {
          "header": "Ocp-Apim-Subscription-Key",
          "query": "subscription-key"
        }
      },
      "dependsOn": [
        "[resourceId('Microsoft.ApiManagement/service/products', parameters('ApiManagementInstanceName'), parameters('ProductName'))]"
      ]
    },
    {
      "name": "[concat(parameters('ApiManagementInstanceName'), '/', parameters('ProductName'), '/', parameters('ApiName'))]",
      "type": "Microsoft.ApiManagement/service/products/apis",
      "apiVersion": "2018-01-01",
      "dependsOn": [
        "[resourceId('Microsoft.ApiManagement/service/apis', parameters('ApiManagementInstanceName'), parameters('ApiName'))]"
      ]
    }
  ],
  "outputs": {
    "APIName": {
      "type": "string",
      "value": "[parameters('ApiName')]"
    },
    "ProductName": {
      "type": "string",
      "value": "[parameters('ProductName')]"
    },
    "ApiDisplayName": {
      "type": "string",
      "value": "[parameters('ApiDisplayName')]"
    },
    "ApiSuffix": {
      "type": "string",
      "value": "[parameters('ApiSuffix')]"
    },
    "ServiceUrl": {
      "type": "string",
      "value": "[parameters('ServiceUrl')]"
    }
  } 
}